{"kappa": 0.3361531588952723, "lambda_1": 0.1621022221374756, "optimizer_name": "SGD", "learning_rate": 0.1391648914647944, "log_batch_size": 4}